testuser	PanCancer	Sleep	1	a0123456789	none
testuser	PanCancer	Sleep	1	a1234567890	none
testuser	PanCancer	Sleep	1	a2345678901	none
testuser	PanCancer	Sleep	1	a3456789012	none
testuser	PanCancer	Sleep	1	a4567890123	none
testuser	PanCancer	Sleep	1	a5678901234	none
testuser	PanCancer	Sleep	1	a6789012345	none
testuser	PanCancer	Sleep	1	a7890123456	none
testuser	PanCancer	Sleep	1	a8901234567	none
testuser	PanCancer	Sleep	1	a9012345678	none
testuser	PanCancer	Sleep	1	b0123456789	none
testuser	PanCancer	Sleep	1	b1234567890	none
testuser	PanCancer	Sleep	1	b2345678901	none
testuser	PanCancer	Sleep	1	b3456789012	none
testuser	PanCancer	Sleep	1	b4567890123	none
testuser	PanCancer	Sleep	1	b5678901234	none
testuser	PanCancer	Sleep	1	b6789012345	none
testuser	PanCancer	Sleep	1	b7890123456	none
testuser	PanCancer	Sleep	1	b8901234567	none
testuser	PanCancer	Sleep	1	b9012345678	none
testuser	PanCancer	Sleep	1	c0123456789	none
testuser	PanCancer	Sleep	1	c1234567890	none
testuser	PanCancer	Sleep	1	c2345678901	none
testuser	PanCancer	Sleep	1	c3456789012	none
testuser	PanCancer	Sleep	1	c4567890123	none
testuser	PanCancer	Sleep	1	c5678901234	none
testuser	PanCancer	Sleep	1	c6789012345	none
testuser	PanCancer	Sleep	1	c7890123456	none
testuser	PanCancer	Sleep	1	c8901234567	none
testuser	PanCancer	Sleep	1	c9012345678	none
testuser	PanCancer	Sleep	1	d0123456789	none
testuser	PanCancer	Sleep	1	d1234567890	none
testuser	PanCancer	Sleep	1	d2345678901	none
testuser	PanCancer	Sleep	1	d3456789012	none
testuser	PanCancer	Sleep	1	d4567890123	none
testuser	PanCancer	Sleep	1	d5678901234	none
testuser	PanCancer	Sleep	1	d6789012345	none
testuser	PanCancer	Sleep	1	d7890123456	none
testuser	PanCancer	Sleep	1	d8901234567	none
testuser	PanCancer	Sleep	1	d9012345678	none
testuser	PanCancer	Sleep	1	e0123456789	none
testuser	PanCancer	Sleep	1	e1234567890	none
testuser	PanCancer	Sleep	1	e2345678901	none
testuser	PanCancer	Sleep	1	e3456789012	none
testuser	PanCancer	Sleep	1	e4567890123	none
testuser	PanCancer	Sleep	1	e5678901234	none
testuser	PanCancer	Sleep	1	e6789012345	none
testuser	PanCancer	Sleep	1	e7890123456	none
testuser	PanCancer	Sleep	1	e8901234567	none
testuser	PanCancer	Sleep	1	e9012345678	none
testuser	PanCancer	Sleep	1	f0123456789	none
testuser	PanCancer	Sleep	1	f1234567890	none
testuser	PanCancer	Sleep	1	f2345678901	none
testuser	PanCancer	Sleep	1	f3456789012	none
testuser	PanCancer	Sleep	1	f4567890123	none
testuser	PanCancer	Sleep	1	f5678901234	none
testuser	PanCancer	Sleep	1	f6789012345	none
testuser	PanCancer	Sleep	1	f7890123456	none
testuser	PanCancer	Sleep	1	f8901234567	none
testuser	PanCancer	Sleep	1	f9012345678	none
testuser	PanCancer	Sleep	1	g0123456789	none
testuser	PanCancer	Sleep	1	g1234567890	none
testuser	PanCancer	Sleep	1	g2345678901	none
testuser	PanCancer	Sleep	1	g3456789012	none
testuser	PanCancer	Sleep	1	g4567890123	none
testuser	PanCancer	Sleep	1	g5678901234	none
testuser	PanCancer	Sleep	1	g6789012345	none
testuser	PanCancer	Sleep	1	g7890123456	none
testuser	PanCancer	Sleep	1	g8901234567	none
testuser	PanCancer	Sleep	1	g9012345678	none
testuser	PanCancer	Sleep	1	h0123456789	none
testuser	PanCancer	Sleep	1	h1234567890	none
testuser	PanCancer	Sleep	1	h2345678901	none
testuser	PanCancer	Sleep	1	h3456789012	none
testuser	PanCancer	Sleep	1	h4567890123	none
testuser	PanCancer	Sleep	1	h5678901234	none
testuser	PanCancer	Sleep	1	h6789012345	none
testuser	PanCancer	Sleep	1	h7890123456	none
testuser	PanCancer	Sleep	1	h8901234567	none
testuser	PanCancer	Sleep	1	h9012345678	none
testuser	PanCancer	Sleep	1	i0123456789	none
testuser	PanCancer	Sleep	1	i1234567890	none
testuser	PanCancer	Sleep	1	i2345678901	none
testuser	PanCancer	Sleep	1	i3456789012	none
testuser	PanCancer	Sleep	1	i4567890123	none
testuser	PanCancer	Sleep	1	i5678901234	none
testuser	PanCancer	Sleep	1	i6789012345	none
testuser	PanCancer	Sleep	1	i7890123456	none
testuser	PanCancer	Sleep	1	i8901234567	none
testuser	PanCancer	Sleep	1	i9012345678	none
testuser	PanCancer	Sleep	1	j0123456789	none
testuser	PanCancer	Sleep	1	j1234567890	none
testuser	PanCancer	Sleep	1	j2345678901	none
testuser	PanCancer	Sleep	1	j3456789012	none
testuser	PanCancer	Sleep	1	j4567890123	none
testuser	PanCancer	Sleep	1	j5678901234	none
testuser	PanCancer	Sleep	1	j6789012345	none
testuser	PanCancer	Sleep	1	j7890123456	none
testuser	PanCancer	Sleep	1	j8901234567	none
testuser	PanCancer	Sleep	1	j9012345678	none
testuser	PanCancer	Sleep	1	k0123456789	none
testuser	PanCancer	Sleep	1	k1234567890	none
testuser	PanCancer	Sleep	1	k2345678901	none
testuser	PanCancer	Sleep	1	k3456789012	none
testuser	PanCancer	Sleep	1	k4567890123	none
testuser	PanCancer	Sleep	1	k5678901234	none
testuser	PanCancer	Sleep	1	k6789012345	none
testuser	PanCancer	Sleep	1	k7890123456	none
testuser	PanCancer	Sleep	1	k8901234567	none
testuser	PanCancer	Sleep	1	k9012345678	none
testuser	PanCancer	Sleep	1	l0123456789	none
testuser	PanCancer	Sleep	1	l1234567890	none
testuser	PanCancer	Sleep	1	l2345678901	none
testuser	PanCancer	Sleep	1	l3456789012	none
testuser	PanCancer	Sleep	1	l4567890123	none
testuser	PanCancer	Sleep	1	l5678901234	none
testuser	PanCancer	Sleep	1	l6789012345	none
testuser	PanCancer	Sleep	1	l7890123456	none
testuser	PanCancer	Sleep	1	l8901234567	none
testuser	PanCancer	Sleep	1	l9012345678	none
testuser	PanCancer	Sleep	1	m0123456789	none
testuser	PanCancer	Sleep	1	m1234567890	none
testuser	PanCancer	Sleep	1	m2345678901	none
testuser	PanCancer	Sleep	1	m3456789012	none
testuser	PanCancer	Sleep	1	m4567890123	none
testuser	PanCancer	Sleep	1	m5678901234	none
testuser	PanCancer	Sleep	1	m6789012345	none
testuser	PanCancer	Sleep	1	m7890123456	none
testuser	PanCancer	Sleep	1	m8901234567	none
testuser	PanCancer	Sleep	1	m9012345678	none
testuser	PanCancer	Sleep	1	n0123456789	none
testuser	PanCancer	Sleep	1	n1234567890	none
testuser	PanCancer	Sleep	1	n2345678901	none
testuser	PanCancer	Sleep	1	n3456789012	none
testuser	PanCancer	Sleep	1	n4567890123	none
testuser	PanCancer	Sleep	1	n5678901234	none
testuser	PanCancer	Sleep	1	n6789012345	none
testuser	PanCancer	Sleep	1	n7890123456	none
testuser	PanCancer	Sleep	1	n8901234567	none
testuser	PanCancer	Sleep	1	n9012345678	none
testuser	PanCancer	Sleep	1	o0123456789	none
testuser	PanCancer	Sleep	1	o1234567890	none
testuser	PanCancer	Sleep	1	o2345678901	none
testuser	PanCancer	Sleep	1	o3456789012	none
testuser	PanCancer	Sleep	1	o4567890123	none
testuser	PanCancer	Sleep	1	o5678901234	none
testuser	PanCancer	Sleep	1	o6789012345	none
testuser	PanCancer	Sleep	1	o7890123456	none
testuser	PanCancer	Sleep	1	o8901234567	none
testuser	PanCancer	Sleep	1	o9012345678	none
testuser	PanCancer	Sleep	1	p0123456789	none
testuser	PanCancer	Sleep	1	p1234567890	none
testuser	PanCancer	Sleep	1	p2345678901	none
testuser	PanCancer	Sleep	1	p3456789012	none
testuser	PanCancer	Sleep	1	p4567890123	none
testuser	PanCancer	Sleep	1	p5678901234	none
testuser	PanCancer	Sleep	1	p6789012345	none
testuser	PanCancer	Sleep	1	p7890123456	none
testuser	PanCancer	Sleep	1	p8901234567	none
testuser	PanCancer	Sleep	1	p9012345678	none
testuser	PanCancer	Sleep	1	q0123456789	none
testuser	PanCancer	Sleep	1	q1234567890	none
testuser	PanCancer	Sleep	1	q2345678901	none
testuser	PanCancer	Sleep	1	q3456789012	none
testuser	PanCancer	Sleep	1	q4567890123	none
testuser	PanCancer	Sleep	1	q5678901234	none
testuser	PanCancer	Sleep	1	q6789012345	none
testuser	PanCancer	Sleep	1	q7890123456	none
testuser	PanCancer	Sleep	1	q8901234567	none
testuser	PanCancer	Sleep	1	q9012345678	none
testuser	PanCancer	Sleep	1	r0123456789	none
testuser	PanCancer	Sleep	1	r1234567890	none
testuser	PanCancer	Sleep	1	r2345678901	none
testuser	PanCancer	Sleep	1	r3456789012	none
testuser	PanCancer	Sleep	1	r4567890123	none
testuser	PanCancer	Sleep	1	r5678901234	none
testuser	PanCancer	Sleep	1	r6789012345	none
testuser	PanCancer	Sleep	1	w3456789012	none
testuser	PanCancer	Sleep	1	w4567890123	none
testuser	PanCancer	Sleep	1	w5678901234	none
testuser	PanCancer	Sleep	1	w6789012345	none
testuser	PanCancer	Sleep	1	w7890123456	none
testuser	PanCancer	Sleep	1	w8901234567	none
testuser	PanCancer	Sleep	1	w9012345678	none
testuser	PanCancer	Sleep	1	r7890123456	none
testuser	PanCancer	Sleep	1	r8901234567	none
testuser	PanCancer	Sleep	1	r9012345678	none
testuser	PanCancer	Sleep	1	s0123456789	none
testuser	PanCancer	Sleep	1	s1234567890	none
testuser	PanCancer	Sleep	1	s2345678901	none
testuser	PanCancer	Sleep	1	s3456789012	none
testuser	PanCancer	Sleep	1	s4567890123	none
testuser	PanCancer	Sleep	1	s5678901234	none
testuser	PanCancer	Sleep	1	s6789012345	none
testuser	PanCancer	Sleep	1	s7890123456	none
testuser	PanCancer	Sleep	1	s8901234567	none
testuser	PanCancer	Sleep	1	s9012345678	none
testuser	PanCancer	Sleep	1	t0123456789	none
testuser	PanCancer	Sleep	1	t1234567890	none
testuser	PanCancer	Sleep	1	t2345678901	none
testuser	PanCancer	Sleep	1	t3456789012	none
testuser	PanCancer	Sleep	1	t4567890123	none
testuser	PanCancer	Sleep	1	t5678901234	none
testuser	PanCancer	Sleep	1	t6789012345	none
testuser	PanCancer	Sleep	1	t7890123456	none
testuser	PanCancer	Sleep	1	t8901234567	none
testuser	PanCancer	Sleep	1	t9012345678	none
testuser	PanCancer	Sleep	1	u0123456789	none
testuser	PanCancer	Sleep	1	u1234567890	none
testuser	PanCancer	Sleep	1	u2345678901	none
testuser	PanCancer	Sleep	1	u3456789012	none
testuser	PanCancer	Sleep	1	u4567890123	none
testuser	PanCancer	Sleep	1	u5678901234	none
testuser	PanCancer	Sleep	1	u6789012345	none
testuser	PanCancer	Sleep	1	u7890123456	none
testuser	PanCancer	Sleep	1	u8901234567	none
testuser	PanCancer	Sleep	1	u9012345678	none
testuser	PanCancer	Sleep	1	v0123456789	none
testuser	PanCancer	Sleep	1	v1234567890	none
testuser	PanCancer	Sleep	1	v2345678901	none
testuser	PanCancer	Sleep	1	v3456789012	none
testuser	PanCancer	Sleep	1	v4567890123	none
testuser	PanCancer	Sleep	1	v5678901234	none
testuser	PanCancer	Sleep	1	v6789012345	none
testuser	PanCancer	Sleep	1	v7890123456	none
testuser	PanCancer	Sleep	1	v8901234567	none
testuser	PanCancer	Sleep	1	v9012345678	none
testuser	PanCancer	Sleep	1	w0123456789	none
testuser	PanCancer	Sleep	1	w1234567890	none
testuser	PanCancer	Sleep	1	w2345678901	none
testuser	PanCancer	Sleep	1	x0123456789	none
testuser	PanCancer	Sleep	1	x1234567890	none
testuser	PanCancer	Sleep	1	x2345678901	none
testuser	PanCancer	Sleep	1	x3456789012	none
testuser	PanCancer	Sleep	1	x4567890123	none
testuser	PanCancer	Sleep	1	x5678901234	none
testuser	PanCancer	Sleep	1	x6789012345	none
testuser	PanCancer	Sleep	1	x7890123456	none
testuser	PanCancer	Sleep	1	x8901234567	none
testuser	PanCancer	Sleep	1	x9012345678	none
testuser	PanCancer	Sleep	1	y0123456789	none
testuser	PanCancer	Sleep	1	y1234567890	none
testuser	PanCancer	Sleep	1	y2345678901	none
testuser	PanCancer	Sleep	1	y3456789012	none
testuser	PanCancer	Sleep	1	y4567890123	none
testuser	PanCancer	Sleep	1	y5678901234	none
testuser	PanCancer	Sleep	1	y6789012345	none
testuser	PanCancer	Sleep	1	y7890123456	none
testuser	PanCancer	Sleep	1	y8901234567	none
testuser	PanCancer	Sleep	1	y9012345678	none
testuser	PanCancer	Sleep	1	z0123456789	none
testuser	PanCancer	Sleep	1	z1234567890	none
testuser	PanCancer	Sleep	1	z2345678901	none
testuser	PanCancer	Sleep	1	z3456789012	none
testuser	PanCancer	Sleep	1	z4567890123	none
testuser	PanCancer	Sleep	1	z5678901234	none
testuser	PanCancer	Sleep	1	z6789012345	none
testuser	PanCancer	Sleep	1	z7890123456	none
testuser	PanCancer	Sleep	1	z8901234567	none
testuser	PanCancer	Sleep	1	z9012345678	none
syoung	PanCancer	Align	3	0123456789	none
syoung	PanCancer	Align	3	1234567890	none
syoung	PanCancer	Align	3	2345678901	none
syoung	PanCancer	Align	3	3456789012	none
syoung	PanCancer	Align	3	4567890123	none
syoung	PanCancer	Align	3	z0123456789	none
syoung	PanCancer	Align	3	z1234567890	none
syoung	PanCancer	Align	3	z2345678901	none
syoung	PanCancer	Align	3	z3456789012	none
syoung	PanCancer	Align	3	z4567890123	none
syoung	PanCancer	Align	3	z5678901234	none
syoung	PanCancer	Align	3	z6789012345	none
syoung	PanCancer	Align	3	z7890123456	none
syoung	PanCancer	Align	3	z8901234567	none
syoung	PanCancer	Align	3	z9012345678	none
syoung	PanCancer	Download	1	1234567890	none
syoung	PanCancer	Download	1	2345678901	none
syoung	PanCancer	Download	1	3456789012	none
syoung	PanCancer	Download	1	4567890123	none
syoung	PanCancer	Split	2	0123456789	none
syoung	PanCancer	Split	2	1234567890	none
syoung	PanCancer	Split	2	2345678901	none
syoung	PanCancer	Split	2	3456789012	none
syoung	PanCancer	Split	2	4567890123	none
